{"vertices":[0.946399,-0.946399,-1,-0.946399,-0.946399,-1,-0.946399,0.946399,-1,0.946399,-0.946399,1,0.946399,0.946399,1.000001,-0.9464,0.946399,1,-1,0.946399,0.946399,-1,0.946399,-0.946399,-1,-0.946399,-0.9464,-0.946399,1,-0.946399,-0.9464,1,0.946399,0.946399,1,0.9464,1,-0.946399,-0.946399,1,0.946399,-0.946399,0.999999,0.946399,0.9464,0.946399,-0.946399,-1,1,-0.946399,-0.946399,0.946399,-1,-0.946399,0.946399,-1,0.946399,1,-0.946399,0.946399,0.946399,-0.946399,1,-0.946399,-1,0.946399,-0.946399,-0.946399,1,-1,-0.946399,0.946399,-1,-0.946399,-0.9464,-0.946399,-0.946399,-1,-0.946399,-1,-0.9464,1,0.946399,-0.946399,0.9464,0.946399,-0.999999,0.9464,1,-0.946399,0.946399,1,0.9464,0.946399,0.946399,1.000001,0.999999,0.946399,0.9464,-0.9464,1,0.946399,-1,0.946399,0.946399,-0.9464,0.946399,1,-0.946399,0.946399,-1,-1,0.946399,-0.946399,-0.946399,1,-0.946399,1,-0.946399,0.946399,0.946399,-1,0.946399,0.946399,-1,-0.946399,-0.946399,-1,-0.9464,-0.946399,-0.946399,-1,0.946399,-0.946399,-1,0.946399,-0.946399,-1,0.9464,0.946399,-0.999999,1,0.946399,-0.946399,-0.946399,-0.946399,1,-0.946399,-1,0.946399,0.946399,-1,0.946399,1,-0.946399,0.946399,0.999999,0.946399,0.9464,0.946399,0.946399,1.000001,-1,-0.946399,-0.9464,-0.946399,-1,-0.9464,-0.946399,-1,0.946399,-0.9464,0.946399,1,-1,0.946399,0.946399,-1,-0.946399,0.946399,-1,-0.946399,-0.9464,-1,0.946399,-0.946399,-0.946399,0.946399,-1,0.946399,1,0.9464,0.999999,0.946399,0.9464,1,0.946399,-0.946399,-0.946399,0.946399,-1,-0.946399,1,-0.946399,0.9464,1,-0.946399,-0.9464,1,0.946399,-0.9464,0.946399,1,0.946399,0.946399,1.000001,-0.946399,1,-0.946399,-1,0.946399,-0.946399,-1,0.946399,0.946399,0.946399,-1,0.946399,-0.946399,-1,0.946399,-0.946399,-1,-0.9464,0.9464,0.946399,-0.999999,-0.946399,-0.946399,1,-1,-0.946399,0.946399,0.9464,1,-0.946399,1,-0.946399,0.946399,1,-0.946399,-0.946399,0.946399,-1,-0.946399,1,-0.946399,-0.946399,0.946399,-0.946399,1,0.946399,-0.946399,1,-1,-0.946399,0.946399,-0.946399,-0.946399,1,-0.946399,-0.946399,-1,0.9464,1,-0.946399,0.9464,0.946399,-0.999999,0.946399,1,0.9464,-0.9464,1,0.946399,0.946399,-1,-0.946399],"vertexNormals":[0,0,-1,0,0,-1,0,0,-1,0,0,1,0,0,1,0,0,1,-1,0,0,-1,0,0,-1,0,0,0,1,0,0,1,0,0,1,0,1,0,0,1,0,0,1,0,0,0.5774,-0.5773,-0.5773,0.5774,-0.5773,-0.5773,0.5774,-0.5773,-0.5773,0.5774,-0.5774,0.5774,0.5774,-0.5774,0.5774,0.5774,-0.5774,0.5774,-0.5774,-0.5773,0.5773,-0.5774,-0.5773,0.5773,-0.5774,-0.5773,0.5773,-0.5774,-0.5773,-0.5773,-0.5774,-0.5773,-0.5773,-0.5774,-0.5773,-0.5773,0.5774,0.5773,-0.5773,0.5774,0.5773,-0.5773,0.5774,0.5773,-0.5773,0.5773,0.5774,0.5774,0.5773,0.5774,0.5774,0.5773,0.5774,0.5774,-0.5773,0.5774,0.5773,-0.5773,0.5774,0.5773,-0.5773,0.5774,0.5773,-0.5773,0.5774,-0.5773,-0.5773,0.5774,-0.5773,-0.5773,0.5774,-0.5773,0.7071,-0.7071,0,0.7071,-0.7071,0,0.7071,-0.7071,0,0,-0.7071,-0.7071,0,-0.7071,-0.7071,0,-0.7071,-0.7071,0.7071,0,-0.7071,0.7071,0,-0.7071,0.7071,0,-0.7071,0,-0.7071,0.7071,0,-0.7071,0.7071,0,-0.7071,0.7071,0.7071,0,0.7071,0.7071,0,0.7071,0.7071,0,0.7071,-0.7071,-0.7071,0,-0.7071,-0.7071,0,-0.7071,-0.7071,0,-0.7071,0,0.7071,-0.7071,0,0.7071,-0.7071,0,0.7071,-0.7071,0,-0.7071,-0.7071,0,-0.7071,-0.7071,0,-0.7071,0.7071,0.7071,0,0.7071,0.7071,0,0.7071,0.7071,0,0,0.7071,-0.7071,0,0.7071,-0.7071,0,0.7071,-0.7071,0,0.7071,0.7071,0,0.7071,0.7071,0,0.7071,0.7071,-0.7071,0.7071,0,-0.7071,0.7071,0,-0.7071,0.7071,0,0,-1,0,0,-1,0,0,-1,0,0,0,-1,0,0,1,-1,0,0,0,1,0,1,0,0,0.7071,-0.7071,0,0,-0.7071,-0.7071,0.7071,0,-0.7071,0,-0.7071,0.7071,0.7071,0,0.7071,-0.7071,-0.7071,0,-0.7071,0,0.7071,-0.7071,0,-0.7071,0.7071,0.7071,0,0,0.7071,-0.7071,0,0.7071,0.7071,-0.7071,0.7071,0,0,-1,0],"vertexTextureCoords":[0,0,0,0,0,0,0,0,0,0,0,0,0,0,0,0,0,0,0,0,0,0,0,0,0,0,0,0,0,0,0,0,0,0,0,0,0,0,0,0,0,0,0,0,0,0,0,0,0,0,0,0,0,0,0,0,0,0,0,0,0,0,0,0,0,0,0,0,0,0,0,0,0,0,0,0,0,0,0,0,0,0,0,0,0,0,0,0,0,0,0,0,0,0,0,0,0,0,0,0,0,0,0,0,0,0,0,0,0,0,0,0,0,0,0,0,0,0,0,0,0,0,0,0,0,0,0,0,0,0,0,0,0,0,0,0,0,0,0,0,0,0,0,0,0,0,0,0,0,0,0,0,0,0,0,0,0,0,0,0,0,0,0,0,0,0,0,0,0,0,0,0,0,0,0,0,0,0,0,0,0,0,0,0,0,0,0,0,0,0,0,0],"indices":[0,1,2,3,4,5,6,7,8,9,10,11,12,13,14,15,16,17,18,19,20,21,22,23,24,25,26,27,28,29,30,31,32,33,34,35,36,37,38,39,40,41,42,43,44,45,46,47,48,49,50,51,52,53,54,55,56,57,58,59,60,61,62,63,64,65,66,67,68,69,70,71,72,73,74,75,76,77,78,0,2,79,3,5,80,6,8,81,9,11,82,12,14,83,39,41,84,42,44,85,45,47,86,48,50,87,51,53,88,54,56,89,57,59,90,60,62,91,63,65,92,66,68,93,69,71,94,72,74,95,75,77]}